[{"model": "auth.user", "fields": {"password": "pbkdf2_sha256$1000000$7ngiNvYEeEbZqeo1E1bjEN$xvZHmBEWSR88ZLNuAfWjzJ3Yr76t2ak6AclvOUudiUY=", "last_login": "2026-07-12T09:26:41.280Z", "is_superuser": true, "username": "admin", "first_name": "Mohammad", "last_name": "Zeynali", "email": "madklok12@gmail.com", "is_staff": true, "is_active": true, "date_joined": "2026-06-23T07:35:18Z", "groups": [], "user_permissions": []}}, {"model": "auth.user", "fields": {"password": "pbkdf2_sha256$1000000$8ltjnNsOdI7vBOrPozGWYX$YMVHZ7kCoLFZd9NXfbU6YkhxLeAkqaB/pimWTnhnX9w=", "last_login": null, "is_superuser": false, "username": "mmde", "first_name": "", "last_name": "", "email": "", "is_staff": false, "is_active": true, "date_joined": "2026-06-25T08:06:00.298Z", "groups": [], "user_permissions": []}}, {"model": "auth.user", "fields": {"password": "pbkdf2_sha256$1000000$itTjxptanPSUIPZCF9DsVk$FuQatq5Uv+3jZjsrVLeeObJnsIka6XSMnN4e0Elle9I=", "last_login": null, "is_superuser": false, "username": "dude", "first_name": "", "last_name": "", "email": "", "is_staff": false, "is_active": true, "date_joined": "2026-07-12T08:52:11.175Z", "groups": [], "user_permissions": []}}, {"model": "auth.user", "fields": {"password": "pbkdf2_sha256$1000000$OTCXQma2qyvYlkH0EtOw0Z$7pGBDFs5Q75MtfHi32LWB6h8VyEIMqe3xCtc/Hfl1Ok=", "last_login": "2026-07-12T09:43:48.671Z", "is_superuser": false, "username": "dude1", "first_name": "", "last_name": "", "email": "", "is_staff": false, "is_active": true, "date_joined": "2026-07-12T09:02:06.104Z", "groups": [], "user_permissions": []}}, {"model": "auth.user", "fields": {"password": "pbkdf2_sha256$1000000$i0Lz7hX09087ehE8IxBsle$ndqxV4OfNqnrX8xqWwnJoRlLNcSvDkm8XzcGLfxofq8=", "last_login": "2026-07-12T13:20:17.218Z", "is_superuser": false, "username": "chaqali", "first_name": "", "last_name": "", "email": "dodo@gmail.com", "is_staff": false, "is_active": true, "date_joined": "2026-07-12T13:11:02.878Z", "groups": [], "user_permissions": []}}, {"model": "sessions.session", "pk": "33oke320damahwmlc3u6gqik6ewn9jvd", "fields": {"session_data": ".eJxVjEEOwiAQRe_C2hAoDBSX7nsGMgyjVA0kpV0Z765NutDtf-_9l4i4rSVunZc4Z3EWIE6_W0J6cN1BvmO9NUmtrsuc5K7Ig3Y5tczPy-H-HRTs5Vuz5mRhoIGc8qMnCyMAh6SMZVJXbdgDaoXBkSOtTeCkiIm0gmwIjXh_ANv8N-o:1wiu6T:obCT6AaIB-7vsK8g8iXhE8cTzVgSZTel5rIOhuitcSE", "expire_date": "2026-07-26T13:20:17.293Z"}}, {"model": "sites.site", "fields": {"domain": "127.0.0.1:8000", "name": "127.0.0.1:8000"}}, {"model": "taggit.tag", "fields": {"name": "celebration", "slug": "celebration"}}, {"model": "taggit.tag", "fields": {"name": "damn", "slug": "damn"}}, {"model": "taggit.tag", "fields": {"name": "fun", "slug": "fun"}}, {"model": "taggit.tag", "fields": {"name": "holiday", "slug": "holiday"}}, {"model": "taggit.tag", "fields": {"name": "jesus", "slug": "jesus"}}, {"model": "taggit.tag", "fields": {"name": "happy", "slug": "happy"}}, {"model": "taggit.tag", "fields": {"name": "special", "slug": "special"}}, {"model": "taggit.tag", "fields": {"name": "surprise", "slug": "surprise"}}, {"model": "taggit.tag", "fields": {"name": "content", "slug": "content"}}, {"model": "taggit.tag", "fields": {"name": "fake", "slug": "fake"}}, {"model": "taggit.tag", "fields": {"name": "lie", "slug": "lie"}}, {"model": "taggit.tag", "fields": {"name": "miracle", "slug": "miracle"}}, {"model": "taggit.tag", "fields": {"name": "day", "slug": "day"}}, {"model": "taggit.tag", "fields": {"name": "haha", "slug": "haha"}}, {"model": "taggit.tag", "fields": {"name": "never", "slug": "never"}}, {"model": "taggit.taggeditem", "fields": {"tag": ["celebration"], "content_type": ["app2", "post"], "object_id": 6}}, {"model": "taggit.taggeditem", "fields": {"tag": ["damn"], "content_type": ["app2", "post"], "object_id": 6}}, {"model": "taggit.taggeditem", "fields": {"tag": ["fun"], "content_type": ["app2", "post"], "object_id": 6}}, {"model": "taggit.taggeditem", "fields": {"tag": ["holiday"], "content_type": ["app2", "post"], "object_id": 6}}, {"model": "taggit.taggeditem", "fields": {"tag": ["jesus"], "content_type": ["app2", "post"], "object_id": 6}}, {"model": "taggit.taggeditem", "fields": {"tag": ["happy"], "content_type": ["app2", "post"], "object_id": 2}}, {"model": "taggit.taggeditem", "fields": {"tag": ["special"], "content_type": ["app2", "post"], "object_id": 2}}, {"model": "taggit.taggeditem", "fields": {"tag": ["surprise"], "content_type": ["app2", "post"], "object_id": 2}}, {"model": "taggit.taggeditem", "fields": {"tag": ["content"], "content_type": ["app2", "post"], "object_id": 7}}, {"model": "taggit.taggeditem", "fields": {"tag": ["fake"], "content_type": ["app2", "post"], "object_id": 7}}, {"model": "taggit.taggeditem", "fields": {"tag": ["lie"], "content_type": ["app2", "post"], "object_id": 7}}, {"model": "taggit.taggeditem", "fields": {"tag": ["miracle"], "content_type": ["app2", "post"], "object_id": 7}}, {"model": "taggit.taggeditem", "fields": {"tag": ["day"], "content_type": ["app2", "post"], "object_id": 8}}, {"model": "taggit.taggeditem", "fields": {"tag": ["haha"], "content_type": ["app2", "post"], "object_id": 8}}, {"model": "taggit.taggeditem", "fields": {"tag": ["happy"], "content_type": ["app2", "post"], "object_id": 8}}, {"model": "taggit.taggeditem", "fields": {"tag": ["holiday"], "content_type": ["app2", "post"], "object_id": 8}}, {"model": "taggit.taggeditem", "fields": {"tag": ["miracle"], "content_type": ["app2", "post"], "object_id": 8}}, {"model": "taggit.taggeditem", "fields": {"tag": ["never"], "content_type": ["app2", "post"], "object_id": 8}}, {"model": "taggit.taggeditem", "fields": {"tag": ["day"], "content_type": ["app2", "post"], "object_id": 9}}, {"model": "taggit.taggeditem", "fields": {"tag": ["day"], "content_type": ["app2", "post"], "object_id": 10}}, {"model": "taggit.taggeditem", "fields": {"tag": ["fun"], "content_type": ["app2", "post"], "object_id": 10}}, {"model": "taggit.taggeditem", "fields": {"tag": ["jesus"], "content_type": ["app2", "post"], "object_id": 10}}, {"model": "django_summernote.attachment", "pk": 1, "fields": {"name": "ui-icons_444444_256x240.png", "file": "django-summernote/2026-07-06/cd899dd4-886c-4331-b35f-36757f1bc4fb.png", "uploaded": "2026-07-06T09:04:51.015Z"}}, {"model": "captcha.captchastore", "pk": 26, "fields": {"challenge": "NLFO", "response": "nlfo", "hashkey": "40d086aa6a164636b4694ead7db4de1113083386", "expiration": "2026-07-12T09:31:22.902Z"}}, {"model": "captcha.captchastore", "pk": 27, "fields": {"challenge": "CLXV", "response": "clxv", "hashkey": "90416eda5926394a422676c4984c1344e43abd61", "expiration": "2026-07-12T09:33:02.407Z"}}, {"model": "captcha.captchastore", "pk": 28, "fields": {"challenge": "AEXT", "response": "aext", "hashkey": "ebf46e45429b3ccda1ebe8faf4bf73b52f1948b5", "expiration": "2026-07-12T09:49:03.588Z"}}, {"model": "captcha.captchastore", "pk": 29, "fields": {"challenge": "HQGV", "response": "hqgv", "hashkey": "1137681f6d48df74a82be39d83669230182de1b8", "expiration": "2026-07-12T10:46:01.885Z"}}, {"model": "app1.contact", "pk": 1, "fields": {"name": "jojoo joje", "email": "madklok12@gmail.com", "subject": "this first contact", "message": "gs;ajgrfsr", "created_at": "2026-07-04T11:38:43.225Z", "updated_at": "2026-07-04T11:38:43.225Z"}}, {"model": "app1.contact", "pk": 2, "fields": {"name": "jojoo joje", "email": "madklok12@gmail.com", "subject": "asdf", "message": "asdf", "created_at": "2026-07-04T11:39:59.015Z", "updated_at": "2026-07-04T11:39:59.015Z"}}, {"model": "app1.contact", "pk": 3, "fields": {"name": "mmde", "email": "madklok12@gmail.com", "subject": "will it?", "message": "pfawejf", "created_at": "2026-07-06T10:03:05.698Z", "updated_at": "2026-07-06T10:03:05.698Z"}}, {"model": "app1.newsletter", "pk": 1, "fields": {"email": "madklok12@gmail.com"}}, {"model": "app1.newsletter", "pk": 2, "fields": {"email": "madklok12@gmail.com"}}, {"model": "app1.newsletter", "pk": 3, "fields": {"email": "madklok12@gmail.com"}}, {"model": "app2.category", "pk": 1, "fields": {"name": "it"}}, {"model": "app2.category", "pk": 2, "fields": {"name": "animal"}}, {"model": "app2.category", "pk": 3, "fields": {"name": "social"}}, {"model": "app2.category", "pk": 4, "fields": {"name": "chaqal"}}, {"model": "app2.post", "pk": 2, "fields": {"title": "Special Post, TADAAAA.", "content": "<p><br></p><table class=\"table table-bordered\"><tbody><tr><td><br></td><td><br></td></tr><tr><td><br></td><td><br></td></tr></tbody></table><p>Lorem ipsum dolor sit amet, consectet<span style=\"font-family: &quot;Comic Sans MS&quot;;\">ur adipiscing elit, sed do eiusmod tempor incididunt ut labore et dolore magna aliqua. Ut enim ad minim ve</span><span style=\"font-family: &quot;Comic Sans MS&quot;;\">ď»ż</span><span style=\"font-family: &quot;Comic Sans MS&quot;;\">ni</span><span style=\"font-family: &quot;Comic Sans MS&quot;;\">m</span>, quis nostrud exercitation ullamco laboris nisi ut aliquip ex ea com<b><i><sub><u><strike>modo consequat. Duis aute irure dolor in reprehenderit in voluptate velit esse cillum dolore eu fugiat nulla pariatur. Excepteur sint occaecat cupidatat non proident, sunt in culpa qui officia deserunt mollit anim id est laborum.</strike></u></sub></i></b></p><p><b><i><sub><u><strike><br></strike></u></sub></i></b></p><p><img src=\"/media/django-summernote/2026-07-06/cd899dd4-886c-4331-b35f-36757f1bc4fb.png\" style=\"width: 256px;\"><span style=\"font-family: &quot;Comic Sans MS&quot;;\">ď»ż</span><b><i><sub><u><strike><br></strike></u></sub></i></b></p>", "image": "app2/d1.jpg", "author": ["mmde"], "views_count": 89, "status": true, "login_required": true, "created_at": "2026-06-23T11:23:54.735Z", "updated_at": "2026-07-12T09:43:15.657Z", "published_at": "2026-06-25T08:06:15Z", "category": [1, 3, 4]}}, {"model": "app2.post", "pk": 3, "fields": {"title": "second ever", "content": "second content ever", "image": "app2/default.jpg", "author": ["mmde"], "views_count": 15, "status": false, "login_required": false, "created_at": "2026-06-23T11:24:56.388Z", "updated_at": "2026-06-25T08:07:17.611Z", "published_at": "2026-06-23T17:48:06Z", "category": []}}, {"model": "app2.post", "pk": 5, "fields": {"title": "is this the 4th post?", "content": "nah", "image": "app2/default.jpg", "author": ["admin"], "views_count": 0, "status": false, "login_required": false, "created_at": "2026-06-23T17:25:16.151Z", "updated_at": "2026-06-25T08:07:24.320Z", "published_at": "2026-06-01T17:25:12Z", "category": []}}, {"model": "app2.post", "pk": 6, "fields": {"title": "Our Prayed Mutual Celebration", "content": "Lorem ipsum dolor sit amet, consectetur adipiscing elit, sed do eiusmod tempor incididunt ut labore et dolore magna aliqua. Egestas purus viverra accumsan in nisl nisi. Arcu cursus vitae congue mauris rhoncus aenean vel elit scelerisque. In egestas erat imperdiet sed euismod nisi porta lorem mollis. Morbi tristique senectus et netus. Mattis pellentesque id nibh tortor id aliquet lectus proin. Sapien faucibus et molestie ac feugiat sed lectus vestibulum. Ullamcorper velit sed ullamcorper morbi tincidunt ornare massa eget. Dictum varius duis at consectetur lorem. Nisi vitae suscipit tellus mauris a diam maecenas sed enim. Velit ut tortor pretium viverra suspendisse potenti nullam. Et molestie ac feugiat sed lectus. Non nisi est sit amet facilisis magna. Dignissim diam quis enim lobortis scelerisque fermentum. Odio ut enim blandit volutpat maecenas volutpat. Ornare lectus sit amet est placerat in egestas erat. Nisi vitae suscipit tellus mauris a diam maecenas sed. Placerat duis ultricies lacus sed turpis tincidunt id aliquet.", "image": "app2/default.jpg", "author": ["admin"], "views_count": 23, "status": true, "login_required": false, "created_at": "2026-06-24T09:37:23.086Z", "updated_at": "2026-07-06T07:37:59.590Z", "published_at": "2026-06-24T09:37:21Z", "category": [1, 2, 3]}}, {"model": "app2.post", "pk": 7, "fields": {"title": "Someones Comming To Live", "content": "Lorem ipsum dolor sit amet, consectetur adipiscing elit, sed do eiusmod tempor incididunt ut labore et dolore magna aliqua. Egestas purus viverra accumsan in nisl nisi. Arcu cursus vitae congue mauris rhoncus aenean vel elit scelerisque. In egestas erat imperdiet sed euismod nisi porta lorem mollis. Morbi tristique senectus et netus. Mattis pellentesque id nibh tortor id aliquet lectus proin. Sapien faucibus et molestie ac feugiat sed lectus vestibulum. Ullamcorper velit sed ullamcorper morbi tincidunt ornare massa eget. Dictum varius duis at consectetur lorem. Nisi vitae suscipit tellus mauris a diam maecenas sed enim. Velit ut tortor pretium viverra suspendisse potenti nullam. Et molestie ac feugiat sed lectus. Non nisi est sit amet facilisis magna. Dignissim diam quis enim lobortis scelerisque fermentum. Odio ut enim blandit volutpat maecenas volutpat. Ornare lectus sit amet est placerat in egestas erat. Nisi vitae suscipit tellus mauris a diam maecenas sed. Placerat duis ultricies lacus sed turpis tincidunt id aliquet.", "image": "app2/default.jpg", "author": ["mmde"], "views_count": 20, "status": true, "login_required": false, "created_at": "2026-06-24T09:37:39.794Z", "updated_at": "2026-07-06T07:39:20.740Z", "published_at": "2026-06-24T09:37:38Z", "category": [2, 4]}}, {"model": "app2.post", "pk": 8, "fields": {"title": "Tommorow", "content": "Lorem ipsum dolor sit amet, consectetur adipiscing elit, sed do eiusmod tempor incididunt ut labore et dolore magna aliqua. Egestas purus viverra accumsan in nisl nisi. Arcu cursus vitae congue mauris rhoncus aenean vel elit scelerisque. In egestas erat imperdiet sed euismod nisi porta lorem mollis. Morbi tristique senectus et netus. Mattis pellentesque id nibh tortor id aliquet lectus proin. Sapien faucibus et molestie ac feugiat sed lectus vestibulum. Ullamcorper velit sed ullamcorper morbi tincidunt ornare massa eget. Dictum varius duis at consectetur lorem. Nisi vitae suscipit tellus mauris a diam maecenas sed enim. Velit ut tortor pretium viverra suspendisse potenti nullam. Et molestie ac feugiat sed lectus. Non nisi est sit amet facilisis magna. Dignissim diam quis enim lobortis scelerisque fermentum. Odio ut enim blandit volutpat maecenas volutpat. Ornare lectus sit amet est placerat in egestas erat. Nisi vitae suscipit tellus mauris a diam maecenas sed. Placerat duis ultricies lacus sed turpis tincidunt id aliquet.", "image": "app2/default.jpg", "author": ["mmde"], "views_count": 62, "status": true, "login_required": false, "created_at": "2026-06-24T09:38:04.649Z", "updated_at": "2026-07-06T07:39:51.492Z", "published_at": "2026-06-25T09:37:59Z", "category": [3]}}, {"model": "app2.post", "pk": 9, "fields": {"title": "test", "content": "test", "image": "app2/default.jpg", "author": ["admin"], "views_count": 5, "status": true, "login_required": false, "created_at": "2026-06-29T08:06:59.511Z", "updated_at": "2026-07-06T07:40:06.690Z", "published_at": "2026-06-29T08:06:50Z", "category": [4]}}, {"model": "app2.post", "pk": 10, "fields": {"title": "another post about nothing", "content": "however kind person this im joojoo", "image": "app2/default.jpg", "author": ["admin"], "views_count": 38, "status": true, "login_required": false, "created_at": "2026-06-29T11:22:28.823Z", "updated_at": "2026-07-06T07:40:46.051Z", "published_at": "2026-06-29T11:22:27Z", "category": [2]}}, {"model": "app2.comment", "pk": 1, "fields": {"post": 10, "name": "mmde", "email": "mmde@gmail.com", "subject": "damn good", "message": "u killed it brooo", "approved": true, "created_at": "2026-07-07T06:13:03.409Z", "updated_at": "2026-07-07T06:13:03.409Z"}}, {"model": "app2.comment", "pk": 2, "fields": {"post": 10, "name": "joojoo", "email": "thisguy@gmail.com", "subject": "haha", "message": "haha, good", "approved": true, "created_at": "2026-07-07T06:14:02.768Z", "updated_at": "2026-07-07T06:14:07.353Z"}}, {"model": "app2.comment", "pk": 3, "fields": {"post": 10, "name": "madklok", "email": "madklok12@gmail.com", "subject": "damn good", "message": "oiulhi", "approved": true, "created_at": "2026-07-07T10:37:49.427Z", "updated_at": "2026-07-07T10:38:22.070Z"}}, {"model": "app2.comment", "pk": 4, "fields": {"post": 10, "name": "Mohammad", "email": "madklok12@gmail.com", "subject": "hey", "message": "dada darada", "approved": true, "created_at": "2026-07-12T09:26:22.829Z", "updated_at": "2026-07-12T09:27:30.918Z"}}, {"model": "admin.logentry", "pk": 1, "fields": {"action_time": "2026-06-23T07:46:46.619Z", "user": ["admin"], "content_type": ["auth", "user"], "object_id": "1", "object_repr": "admin", "action_flag": 2, "change_message": "[{\"changed\": {\"fields\": [\"First name\", \"Last name\", \"Email address\"]}}]"}}, {"model": "admin.logentry", "pk": 2, "fields": {"action_time": "2026-06-23T17:24:45.703Z", "user": ["admin"], "content_type": ["app2", "post"], "object_id": "4", "object_repr": "4. damn 3", "action_flag": 3, "change_message": ""}}, {"model": "admin.logentry", "pk": 3, "fields": {"action_time": "2026-06-23T17:25:16.153Z", "user": ["admin"], "content_type": ["app2", "post"], "object_id": "5", "object_repr": "5. is this the 4th post?", "action_flag": 1, "change_message": "[{\"added\": {}}]"}}, {"model": "admin.logentry", "pk": 4, "fields": {"action_time": "2026-06-23T17:47:55.325Z", "user": ["admin"], "content_type": ["app2", "post"], "object_id": "5", "object_repr": "5. is this the 4th post?", "action_flag": 2, "change_message": "[{\"changed\": {\"fields\": [\"Published at\"]}}]"}}, {"model": "admin.logentry", "pk": 5, "fields": {"action_time": "2026-06-23T17:48:09.015Z", "user": ["admin"], "content_type": ["app2", "post"], "object_id": "3", "object_repr": "3. second ever", "action_flag": 2, "change_message": "[{\"changed\": {\"fields\": [\"Published at\"]}}]"}}, {"model": "admin.logentry", "pk": 6, "fields": {"action_time": "2026-06-23T17:48:18.419Z", "user": ["admin"], "content_type": ["app2", "post"], "object_id": "2", "object_repr": "2. first ever", "action_flag": 2, "change_message": "[{\"changed\": {\"fields\": [\"Published at\"]}}]"}}, {"model": "admin.logentry", "pk": 7, "fields": {"action_time": "2026-06-23T18:52:58.837Z", "user": ["admin"], "content_type": ["app1", "contact"], "object_id": "1", "object_repr": "1. this first contact", "action_flag": 1, "change_message": "[{\"added\": {}}]"}}, {"model": "admin.logentry", "pk": 8, "fields": {"action_time": "2026-06-23T18:53:24.723Z", "user": ["admin"], "content_type": ["app1", "contact"], "object_id": "2", "object_repr": "2. asdf", "action_flag": 1, "change_message": "[{\"added\": {}}]"}}, {"model": "admin.logentry", "pk": 9, "fields": {"action_time": "2026-06-24T09:37:23.087Z", "user": ["admin"], "content_type": ["app2", "post"], "object_id": "6", "object_repr": "6. this is new", "action_flag": 1, "change_message": "[{\"added\": {}}]"}}, {"model": "admin.logentry", "pk": 10, "fields": {"action_time": "2026-06-24T09:37:39.796Z", "user": ["admin"], "content_type": ["app2", "post"], "object_id": "7", "object_repr": "7. new too", "action_flag": 1, "change_message": "[{\"added\": {}}]"}}, {"model": "admin.logentry", "pk": 11, "fields": {"action_time": "2026-06-24T09:38:04.650Z", "user": ["admin"], "content_type": ["app2", "post"], "object_id": "8", "object_repr": "8. tommorow", "action_flag": 1, "change_message": "[{\"added\": {}}]"}}, {"model": "admin.logentry", "pk": 12, "fields": {"action_time": "2026-06-25T08:06:01.000Z", "user": ["admin"], "content_type": ["auth", "user"], "object_id": "2", "object_repr": "mmde", "action_flag": 1, "change_message": "[{\"added\": {}}]"}}, {"model": "admin.logentry", "pk": 13, "fields": {"action_time": "2026-06-25T08:06:16.705Z", "user": ["admin"], "content_type": ["app2", "post"], "object_id": "2", "object_repr": "2. first ever", "action_flag": 2, "change_message": "[{\"changed\": {\"fields\": [\"Author\", \"Published at\"]}}]"}}, {"model": "admin.logentry", "pk": 14, "fields": {"action_time": "2026-06-25T08:06:27.258Z", "user": ["admin"], "content_type": ["app2", "post"], "object_id": "6", "object_repr": "6. this is new", "action_flag": 2, "change_message": "[{\"changed\": {\"fields\": [\"Author\"]}}]"}}, {"model": "admin.logentry", "pk": 15, "fields": {"action_time": "2026-06-25T08:06:34.412Z", "user": ["admin"], "content_type": ["app2", "post"], "object_id": "7", "object_repr": "7. new too", "action_flag": 2, "change_message": "[{\"changed\": {\"fields\": [\"Author\"]}}]"}}, {"model": "admin.logentry", "pk": 16, "fields": {"action_time": "2026-06-25T08:06:40.399Z", "user": ["admin"], "content_type": ["app2", "post"], "object_id": "8", "object_repr": "8. tommorow", "action_flag": 2, "change_message": "[{\"changed\": {\"fields\": [\"Author\"]}}]"}}, {"model": "admin.logentry", "pk": 17, "fields": {"action_time": "2026-06-25T08:07:17.612Z", "user": ["admin"], "content_type": ["app2", "post"], "object_id": "3", "object_repr": "3. second ever", "action_flag": 2, "change_message": "[{\"changed\": {\"fields\": [\"Author\"]}}]"}}, {"model": "admin.logentry", "pk": 18, "fields": {"action_time": "2026-06-25T08:07:24.321Z", "user": ["admin"], "content_type": ["app2", "post"], "object_id": "5", "object_repr": "5. is this the 4th post?", "action_flag": 2, "change_message": "[{\"changed\": {\"fields\": [\"Author\"]}}]"}}, {"model": "admin.logentry", "pk": 19, "fields": {"action_time": "2026-06-25T09:33:45.788Z", "user": ["admin"], "content_type": ["app2", "post"], "object_id": "2", "object_repr": "2. first ever", "action_flag": 2, "change_message": "[{\"changed\": {\"fields\": [\"Image\"]}}]"}}, {"model": "admin.logentry", "pk": 20, "fields": {"action_time": "2026-06-25T09:35:56.144Z", "user": ["admin"], "content_type": ["app2", "post"], "object_id": "2", "object_repr": "2. first ever", "action_flag": 2, "change_message": "[{\"changed\": {\"fields\": [\"Image\"]}}]"}}, {"model": "admin.logentry", "pk": 21, "fields": {"action_time": "2026-06-25T09:58:36.131Z", "user": ["admin"], "content_type": ["app2", "category"], "object_id": "1", "object_repr": "1. it", "action_flag": 1, "change_message": "[{\"added\": {}}]"}}, {"model": "admin.logentry", "pk": 22, "fields": {"action_time": "2026-06-25T09:58:41.951Z", "user": ["admin"], "content_type": ["app2", "category"], "object_id": "2", "object_repr": "2. animal", "action_flag": 1, "change_message": "[{\"added\": {}}]"}}, {"model": "admin.logentry", "pk": 23, "fields": {"action_time": "2026-06-25T09:58:46.446Z", "user": ["admin"], "content_type": ["app2", "category"], "object_id": "3", "object_repr": "3. social", "action_flag": 1, "change_message": "[{\"added\": {}}]"}}, {"model": "admin.logentry", "pk": 24, "fields": {"action_time": "2026-06-25T09:58:49.839Z", "user": ["admin"], "content_type": ["app2", "category"], "object_id": "4", "object_repr": "4. chaqal", "action_flag": 1, "change_message": "[{\"added\": {}}]"}}, {"model": "admin.logentry", "pk": 25, "fields": {"action_time": "2026-06-25T09:58:59.021Z", "user": ["admin"], "content_type": ["app2", "post"], "object_id": "2", "object_repr": "2. first ever", "action_flag": 2, "change_message": "[{\"changed\": {\"fields\": [\"Category\"]}}]"}}, {"model": "admin.logentry", "pk": 26, "fields": {"action_time": "2026-06-25T09:59:18.422Z", "user": ["admin"], "content_type": ["app2", "post"], "object_id": "6", "object_repr": "6. this is new", "action_flag": 2, "change_message": "[{\"changed\": {\"fields\": [\"Category\"]}}]"}}, {"model": "admin.logentry", "pk": 27, "fields": {"action_time": "2026-06-26T08:35:36.121Z", "user": ["admin"], "content_type": ["app2", "post"], "object_id": "2", "object_repr": "2. Special Post, TADAAAA.", "action_flag": 2, "change_message": "[{\"changed\": {\"fields\": [\"Title\", \"Content\"]}}]"}}, {"model": "admin.logentry", "pk": 28, "fields": {"action_time": "2026-06-26T08:37:19.837Z", "user": ["admin"], "content_type": ["app2", "post"], "object_id": "6", "object_repr": "6. Our Prayed Mutual Celebration", "action_flag": 2, "change_message": "[{\"changed\": {\"fields\": [\"Title\", \"Content\"]}}]"}}, {"model": "admin.logentry", "pk": 29, "fields": {"action_time": "2026-06-26T08:38:08.073Z", "user": ["admin"], "content_type": ["app2", "post"], "object_id": "7", "object_repr": "7. Someones Comming To Live", "action_flag": 2, "change_message": "[{\"changed\": {\"fields\": [\"Title\", \"Content\", \"Category\"]}}]"}}, {"model": "admin.logentry", "pk": 30, "fields": {"action_time": "2026-06-26T08:38:27.576Z", "user": ["admin"], "content_type": ["app2", "post"], "object_id": "8", "object_repr": "8. Tommorow", "action_flag": 2, "change_message": "[{\"changed\": {\"fields\": [\"Title\", \"Content\", \"Category\"]}}]"}}, {"model": "admin.logentry", "pk": 31, "fields": {"action_time": "2026-06-29T08:06:59.515Z", "user": ["admin"], "content_type": ["app2", "post"], "object_id": "9", "object_repr": "9. test", "action_flag": 1, "change_message": "[{\"added\": {}}]"}}, {"model": "admin.logentry", "pk": 32, "fields": {"action_time": "2026-06-29T11:22:28.824Z", "user": ["admin"], "content_type": ["app2", "post"], "object_id": "10", "object_repr": "10. another post about nothing", "action_flag": 1, "change_message": "[{\"added\": {}}]"}}, {"model": "admin.logentry", "pk": 33, "fields": {"action_time": "2026-06-30T07:40:42.450Z", "user": ["admin"], "content_type": ["app1", "contact"], "object_id": "4", "object_repr": "4. fasdfasd", "action_flag": 3, "change_message": ""}}, {"model": "admin.logentry", "pk": 34, "fields": {"action_time": "2026-06-30T07:40:42.450Z", "user": ["admin"], "content_type": ["app1", "contact"], "object_id": "3", "object_repr": "3. fasdfasd", "action_flag": 3, "change_message": ""}}, {"model": "admin.logentry", "pk": 35, "fields": {"action_time": "2026-07-03T07:35:31.977Z", "user": ["admin"], "content_type": ["app1", "contact"], "object_id": "5", "object_repr": "5. this first contact", "action_flag": 3, "change_message": ""}}, {"model": "admin.logentry", "pk": 36, "fields": {"action_time": "2026-07-03T09:47:27.024Z", "user": ["admin"], "content_type": ["app1", "contact"], "object_id": "6", "object_repr": "6. this first contact", "action_flag": 3, "change_message": ""}}, {"model": "admin.logentry", "pk": 37, "fields": {"action_time": "2026-07-03T09:47:27.025Z", "user": ["admin"], "content_type": ["app1", "contact"], "object_id": "2", "object_repr": "2. asdf", "action_flag": 3, "change_message": ""}}, {"model": "admin.logentry", "pk": 38, "fields": {"action_time": "2026-07-03T09:47:27.025Z", "user": ["admin"], "content_type": ["app1", "contact"], "object_id": "1", "object_repr": "1. this first contact", "action_flag": 3, "change_message": ""}}, {"model": "admin.logentry", "pk": 39, "fields": {"action_time": "2026-07-04T09:21:25.210Z", "user": ["admin"], "content_type": ["app1", "contact"], "object_id": "11", "object_repr": "11. alsdufa", "action_flag": 3, "change_message": ""}}, {"model": "admin.logentry", "pk": 40, "fields": {"action_time": "2026-07-04T09:21:25.210Z", "user": ["admin"], "content_type": ["app1", "contact"], "object_id": "10", "object_repr": "10. fadsfasdfasdadsfasda", "action_flag": 3, "change_message": ""}}, {"model": "admin.logentry", "pk": 41, "fields": {"action_time": "2026-07-04T09:21:25.210Z", "user": ["admin"], "content_type": ["app1", "contact"], "object_id": "9", "object_repr": "9. fadsfasdfasdadsfasda", "action_flag": 3, "change_message": ""}}, {"model": "admin.logentry", "pk": 42, "fields": {"action_time": "2026-07-04T09:21:25.210Z", "user": ["admin"], "content_type": ["app1", "contact"], "object_id": "8", "object_repr": "8. fadsfasdfasdadsfasda", "action_flag": 3, "change_message": ""}}, {"model": "admin.logentry", "pk": 43, "fields": {"action_time": "2026-07-04T09:21:25.210Z", "user": ["admin"], "content_type": ["app1", "contact"], "object_id": "7", "object_repr": "7. this first contact", "action_flag": 3, "change_message": ""}}, {"model": "admin.logentry", "pk": 44, "fields": {"action_time": "2026-07-04T09:54:29.592Z", "user": ["admin"], "content_type": ["app1", "contact"], "object_id": "14", "object_repr": "14. None", "action_flag": 3, "change_message": ""}}, {"model": "admin.logentry", "pk": 45, "fields": {"action_time": "2026-07-04T09:54:29.592Z", "user": ["admin"], "content_type": ["app1", "contact"], "object_id": "13", "object_repr": "13. alsdufa", "action_flag": 3, "change_message": ""}}, {"model": "admin.logentry", "pk": 46, "fields": {"action_time": "2026-07-04T09:54:29.592Z", "user": ["admin"], "content_type": ["app1", "contact"], "object_id": "12", "object_repr": "12. alsdufa", "action_flag": 3, "change_message": ""}}, {"model": "admin.logentry", "pk": 47, "fields": {"action_time": "2026-07-05T08:39:18.241Z", "user": ["admin"], "content_type": ["sites", "site"], "object_id": "1", "object_repr": "blog", "action_flag": 2, "change_message": "[{\"changed\": {\"fields\": [\"Domain name\", \"Display name\"]}}]"}}, {"model": "admin.logentry", "pk": 48, "fields": {"action_time": "2026-07-05T09:24:31.501Z", "user": ["admin"], "content_type": ["sites", "site"], "object_id": "1", "object_repr": "127.0.0.1:8000", "action_flag": 2, "change_message": "[{\"changed\": {\"fields\": [\"Domain name\"]}}]"}}, {"model": "admin.logentry", "pk": 49, "fields": {"action_time": "2026-07-06T07:37:59.627Z", "user": ["admin"], "content_type": ["app2", "post"], "object_id": "6", "object_repr": "6. Our Prayed Mutual Celebration", "action_flag": 2, "change_message": "[{\"changed\": {\"fields\": [\"Tags\"]}}]"}}, {"model": "admin.logentry", "pk": 50, "fields": {"action_time": "2026-07-06T07:38:57.708Z", "user": ["admin"], "content_type": ["app2", "post"], "object_id": "2", "object_repr": "2. Special Post, TADAAAA.", "action_flag": 2, "change_message": "[{\"changed\": {\"fields\": [\"Tags\"]}}]"}}, {"model": "admin.logentry", "pk": 51, "fields": {"action_time": "2026-07-06T07:39:20.764Z", "user": ["admin"], "content_type": ["app2", "post"], "object_id": "7", "object_repr": "7. Someones Comming To Live", "action_flag": 2, "change_message": "[{\"changed\": {\"fields\": [\"Tags\"]}}]"}}, {"model": "admin.logentry", "pk": 52, "fields": {"action_time": "2026-07-06T07:39:51.521Z", "user": ["admin"], "content_type": ["app2", "post"], "object_id": "8", "object_repr": "8. Tommorow", "action_flag": 2, "change_message": "[{\"changed\": {\"fields\": [\"Tags\"]}}]"}}, {"model": "admin.logentry", "pk": 53, "fields": {"action_time": "2026-07-06T07:40:06.699Z", "user": ["admin"], "content_type": ["app2", "post"], "object_id": "9", "object_repr": "9. test", "action_flag": 2, "change_message": "[{\"changed\": {\"fields\": [\"Tags\"]}}]"}}, {"model": "admin.logentry", "pk": 54, "fields": {"action_time": "2026-07-06T07:40:46.064Z", "user": ["admin"], "content_type": ["app2", "post"], "object_id": "10", "object_repr": "10. another post about nothing", "action_flag": 2, "change_message": "[{\"changed\": {\"fields\": [\"Tags\"]}}]"}}, {"model": "admin.logentry", "pk": 55, "fields": {"action_time": "2026-07-06T09:05:29.648Z", "user": ["admin"], "content_type": ["app2", "post"], "object_id": "2", "object_repr": "2. Special Post, TADAAAA.", "action_flag": 2, "change_message": "[{\"changed\": {\"fields\": [\"Content\"]}}]"}}, {"model": "admin.logentry", "pk": 56, "fields": {"action_time": "2026-07-07T06:13:03.412Z", "user": ["admin"], "content_type": ["app2", "comment"], "object_id": "1", "object_repr": "mmde -> damn good", "action_flag": 1, "change_message": "[{\"added\": {}}]"}}, {"model": "admin.logentry", "pk": 57, "fields": {"action_time": "2026-07-07T06:14:02.770Z", "user": ["admin"], "content_type": ["app2", "comment"], "object_id": "2", "object_repr": "joojoo -> haha", "action_flag": 1, "change_message": "[{\"added\": {}}]"}}, {"model": "admin.logentry", "pk": 58, "fields": {"action_time": "2026-07-07T06:14:07.354Z", "user": ["admin"], "content_type": ["app2", "comment"], "object_id": "2", "object_repr": "joojoo -> haha", "action_flag": 2, "change_message": "[{\"changed\": {\"fields\": [\"Approved\"]}}]"}}, {"model": "admin.logentry", "pk": 59, "fields": {"action_time": "2026-07-07T10:38:22.071Z", "user": ["admin"], "content_type": ["app2", "comment"], "object_id": "3", "object_repr": "madklok -> damn good", "action_flag": 2, "change_message": "[{\"changed\": {\"fields\": [\"Approved\"]}}]"}}, {"model": "admin.logentry", "pk": 60, "fields": {"action_time": "2026-07-12T09:27:30.919Z", "user": ["admin"], "content_type": ["app2", "comment"], "object_id": "4", "object_repr": "Mohammad -> hey", "action_flag": 2, "change_message": "[{\"changed\": {\"fields\": [\"Approved\"]}}]"}}, {"model": "admin.logentry", "pk": 61, "fields": {"action_time": "2026-07-12T09:43:15.663Z", "user": ["admin"], "content_type": ["app2", "post"], "object_id": "2", "object_repr": "2. Special Post, TADAAAA.", "action_flag": 2, "change_message": "[{\"changed\": {\"fields\": [\"Login required\"]}}]"}}]